UserEmail,Password,ToastMessage,TemplateName,FieldTargetMarket,FieldPainPoint,FieldDislikeSol,FieldUniqueSol,,,,,BugReport
sajidmanzoor50@gmail.com,webdir123R,Firebase: Error (auth/user-not-found).,AB Checkout - The Line Leaver ,Busy professionals who need reliable internet access,Dealing with unreliable internet connection,"Frequent internet outages, slow connection speeds",A cutting-edge internet router with built-in AI technology,,,,,This bug report is for testing purpose
sajid@gmail.com,webdir123R,Ad Updated Successfully,,,,,,,,,,
,,Profile Updated,,,,,,,,,,
,,Feedback Sent,,,,,,,,,,
,,Login successfully,,,,,,,,,,
,,,,,,,,,,,,
,,,,,,,,,,,,
,,,,,,,,,,,,
,,,,,,,,,,,,
sajidmanzoor28@gmail.com,webdir123RR,,,,,,,,,,,
